ko,name
"D01211","Leucovorin calcium"
"D04715","Levoleucovorin calcium"
"D11555","Calcium levofolinate hydrate"
"D11394","Sodium levofolinate"
"D00018","Ascorbic acid"
"D02122","Tetracycline hydrochloride"
"D00307","Doxycycline"
"D02129","Doxycycline hyclate"
"D03903","Doxycycline calcium"
"D00850","Minocycline hydrochloride"
"D00290","Demeclocycline hydrochloride"
"D01053","Penicillin G potassium"
"D05408","Penicillin G sodium"
"D10791","Nusinersen sodium"
"D11559","Onasemnogene abeparvovec"
"D11406","Risdiplam"
"D02112","Heparin sodium"
"D00327","Fluoxymesterone"
"D00408","Methyltestosterone"
"D00958","Testosterone enanthate"
"D00287","Cyclophosphamide"
"D00583","Thiotepa"
"D02115","Methotrexate sodium"
"D01155","Gemcitabine hydrochloride"
"D01223","Capecitabine"
"D01068","Vinblastine sulfate"
"D00491","Paclitaxel"
"D07866","Docetaxel"
"D02165","Docetaxel"
"D01275","Doxorubicin hydrochloride"
"D02214","Epirubicin hydrochloride"
"D04645","Ixabepilone"
"D10372","Palbociclib"
"D10979","Ribociclib succinate"
"D10688","Abemaciclib"
"D02714","Everolimus"
"D04024","Lapatinib ditosylate"
"D10898","Neratinib maleate"
"D11141","Tucatinib"
"D11011","Alpelisib"
"D03257","Trastuzumab"
"D05446","Pertuzumab"
"D09980","Trastuzumab emtansine"
"D10574","Pembrolizumab"
"D10773","Atezolizumab"
"D11529","Trastuzumab deruxtecan"
"D09730","Olaparib"
"D10733","Talazoparib tosylate"
"D08914","Eribulin mesylate"
"D11934","Pertuzumab, trastuzumab and hyaluronidase"
"D00573","Goserelin acetate"
"D00966","Tamoxifen citrate"
"D00967","Toremifene citrate"
"D01161","Fulvestrant"
"D00960","Anastrozole"
"D00964","Letrozole"
"D00963","Exemestane"
"D04071","Estrogens, esterified"
"D10446","Margetuximab"
"D10985","Sacituzumab govitecan"
"D11068","Letrozole and ribociclib"
"D11560","Trastuzumab and hyaluronidase"
"D00288","Dacarbazine"
"D09996","Vemurafenib"
"D10104","Dabrafenib mesylate"
"D11053","Encorafenib"
"D10176","Trametinib dimethyl sulfoxide"
"D10615","Cobimetinib fumarate"
"D10604","Binimetinib"
"D04603","Ipilimumab"
"D10316","Nivolumab"
"D09966","Talimogene laherparepvec"
"D02745","Interferon alfa-2b"
"D02748","Peginterferon alfa-2b"
"D00748","Aldesleukin"
"D00266","Chlorambucil"
"D00254","Carmustine"
"D00363","Lomustine"
"D02197","Vincristine sulfate"
"D02177","Bleomycin sulfate"
"D00478","Procarbazine hydrochloride"
"D09587","Brentuximab vedotin"
"D02312","Methylene blue"
"D11928","Setmelanotide acetate"
"D02176","Levocarnitine"
"D02030","Levocarnitine chloride"
"D02461","Penicillin G procaine"
"D05029","Midostaurin"
"D03353","Dalteparin sodium"
"D03213","Apixaban"
"D00926","Vancomycin hydrochloride"
"D00128","Bacitracin"
"D01990","Clindamycin palmitate hydrochloride"
"D02132","Clindamycin hydrochloride"
"D00249","Calcitonin salmon"
"D00314","Etidronate disodium"
"D00941","Pamidronate disodium"
"D00939","Alendronate sodium"
"D00942","Risedronate sodium"
"D03234","Sodium risedronate hydrate"
"D01968","Zoledronic acid"
"D11570","Risedronate sodium monohydrate"
"D00747","Interferon gamma-1b"
"D03230","Insulin human"
"D04477","Insulin lispro"
"D04475","Insulin aspart"
"D04540","Insulin glulisine"
"D03250","Insulin glargine"
"D04539","Insulin detemir"
"D09727","Insulin degludec"
"D05595","Pramlintide acetate"
"D11359","Dasiglucagon"
"D00423","Ribavirin"
"D02737","Palivizumab"
"D03207","Alglucosidase alfa"
"D01010","Levothyroxine sodium"
"D00351","Ketoconazole"
"D00587","Sulfadiazine"
"D00676","Sumatriptan succinate"
"D00180","Alprostadil"
"D00142","Methotrexate"
"D00161","Mercaptopurine"
"D03546","Clofarabine"
"D02698","Teniposide"
"D01264","Daunorubicin hydrochloride"
"D02166","Mitoxantrone hydrochloride"
"D01441","Imatinib mesylate"
"D06414","Dasatinib"
"D09951","Ponatinib hydrochloride"
"D09325","Blinatumomab"
"D08933","Inotuzumab ozogamicin"
"D02997","Asparaginase"
"D05387","Pegaspargase"
"D11386","Tisagenlecleucel-T"
"D01633","Enocitabine"
"D10096","Calaspargase pegol"
"D00584","Fluorouracil"
"D11108","Cemiplimab"
"D09992","Vismodegib"
"D10729","Sonidegib phosphate"
"D01370","Cladribine"
"D09932","Moxetumomab pasudotox"
"D00155","Pentostatin"
"D00983","Triamcinolone acetonide"
"D00292","Dexamethasone"
"D00978","Hydrocortisone sodium succinate"
"D00981","Prednisolone sodium phosphate"
"D00473","Prednisone"
"D00751","Methylprednisolone sodium succinate"
"D11708","Givosiran sodium"
"D00789","Chlorpromazine hydrochloride"
"D10192","Recombinant adsorbed quadrivalent human papillomavirus virus-like particle vaccine"
"D02168","Topotecan hydrochloride"
"D06409","Bevacizumab"
"D00214","Dactinomycin"
"D10699","Cholic acid"
"D00285","Co-Trimoxazole"
"D00236","Atovaquone"
"D00834","Pentamidine isethionate"
"D00540","Glycopyrrolate"
"D08699","Salmeterol xinafoate and fluticasone propionate"
"D02212","Ipratropium bromide"
"D00685","Metaproterenol sulfate"
"D00688","Terbutaline sulfate"
"D00687","Salmeterol xinafoate"
"D01373","Formoterol fumarate"
"D05277","Formoterol fumarate hydrate"
"D09319","Indacaterol maleate"
"D10020","Olodaterol hydrochloride"
"D09595","Budesonide and formoterol fumarate dihydrate"
"D10501","Fluticasone furoate and vilanterol trifenatate"
"D10256","Albuterol sulfate and ipratropium bromide"
"D10533","Umeclidinium bromide and vilanterol"
"D10505","Glycopyrronium bromide and indacaterol maleate"
"D10744","Tiotropium and olodaterol"
"D11036","Glycopyrrolate and formoterol"
"D11035","Fluticasone furoate, umeclidinium bromide and vilanterol"
"D01929","Tiotropium bromide hydrate"
"D08837","Aclidinium bromide"
"D10181","Umeclidinium bromide"
"D10978","Revefenacin"
"D05429","Aminophylline hydrate"
"D10297","Theophylline and dextrose"
"D05744","Roflumilast"
"D00221","Acetylcysteine"
"D02981","Arformoterol tartrate"
"D11630","Aminophylline dihydrate"
"D11857","Aclidinium bromide and formoterol fumarate"
"D08357","Phenothrin"
"D05443","Permethrin"
"D01381","Crotamiton"
"D03308","Iobenguane I 131"
"D11034","Insulin glargine and lixisenatide"
"D11567","Insulin degludec and liraglutide"
"D00944","Metformin hydrochloride"
"D00336","Glyburide"
"D00271","Chlorpropamide"
"D00380","Tolbutamide"
"D00379","Tolazamide"
"D00335","Glipizide"
"D00593","Glimepiride"
"D10265","Glipizide and metformin hydrochloride"
"D10266","Glyburide and metformin hydrochloride"
"D10244","Metformin hydrochloride and rosiglitazone maleate"
"D09744","Pioglitazone hydrochloride and metformin hydrochloride"
"D09848","Pioglitazone hydrochloride and glimepiride tablets"
"D10261","Metformin hydrochloride and sitagliptin phosphate"
"D10159","Alogliptin benzoate and pioglitazone hydrochloride"
"D10263","Metformin hydrochloride and saxagliptin hydrochloride"
"D10264","Linagliptin and metformin hydrochloride"
"D10253","Alogliptin benzoate and metformin hydrochloride"
"D10500","Metformin hydrochloride and repaglinide"
"D10586","Dapagliflozin and metformin"
"D10587","Canagliflozin and metformin"
"D10588","Empagliflozin and linagliptin"
"D10752","Empagliflozin and metformin"
"D10826","Saxagliptin and dapagliflozin"
"D11067","Ertugliflozin and metformin"
"D11066","Ertugliflozin and sitagliptin"
"D00216","Acarbose"
"D00625","Miglitol"
"D00596","Rosiglitazone maleate"
"D00945","Pioglitazone hydrochloride"
"D06645","Sitagliptin phosphate"
"D06553","Alogliptin benzoate"
"D09566","Linagliptin"
"D09756","Teneligliptin hydrobromide hydrate"
"D04121","Exenatide"
"D06404","Liraglutide"
"D09729","Lixisenatide"
"D08843","Albiglutide"
"D09889","Dulaglutide"
"D10025","Semaglutide"
"D09763","Dapagliflozin propanediol"
"D09592","Canagliflozin"
"D10459","Empagliflozin"
"D11043","Ertugliflozin pidolate"
"D00594","Repaglinide"
"D01111","Nateglinide"
"D03582","Colesevelam hydrochloride"
"D09780","Anagliptin"
"D10160","Mitiglinide calcium hydrate and voglibose"
"D10179","Trelagliptin succinate"
"D10317","Omarigliptin"
"D11711","Dapagliflozin, metformin and saxagliptin"
"D11856","Empagliflozin, linagliptin and metformin hydrochloride"
"D00578","Voriconazole"
"D00168","Cytarabine"
"D02009","Erythromycin lactobionate"
"D01251","Ampicillin hydrate"
"D00229","Amoxicillin"
"D00914","Cefuroxime axetil"
"D00915","Cefuroxime sodium"
"D07640","Cefixime"
"D02216","Ciprofloxacin hydrochloride"
"D03940","Eculizumab"
"D11757","Inebilizumab"
"D11079","Satralizumab"
"D00975","Dexamethasone sodium phosphate"
"D00088","Hydrocortisone"
"D00472","Prednisolone"
"D03471","Chlorothiazide sodium"
"D00272","Chlorthalidone"
"D00431","Metolazone"
"D00247","Bumetanide"
"D00313","Ethacrynic acid"
"D00443","Spironolactone"
"D10270","Spironolactone and hydrochlorothiazide"
"D00407","Methylprednisolone"
"D00146","Corticotropin"
"D04492","Icatibant acetate"
"D03931","Ecallantide"
"D10845","Conestat alfa"
"D11094","Lanadelumab"
"D00289","Danazol"
"D11674","Berotralstat hydrochloride"
"D01350","Streptomycin sulfate"
"D04499","Idursulfase"
"D10915","Cannabidiol"
"D09315","Canakinumab"
"D00973","Cortisone acetate"
"D02185","Chloramphenicol sodium succinate"
"D02274","Dantrolene sodium"
"D03455","Cetuximab"
"D00341","Hydroxyurea"
"D06504","Rabies vaccine"
"D00049","Niacin"
"D00434","Simvastatin"
"D00359","Lovastatin"
"D00893","Pravastatin sodium"
"D00892","Fluvastatin sodium"
"D02258","Atorvastatin calcium"
"D11095","Atorvastatin calcium propylene glycol solvate"
"D01862","Pitavastatin calcium"
"D00334","Gemfibrozil"
"D00565","Fenofibrate"
"D08890","Choline fenofibrate"
"D02690","Cholestyramine resin"
"D02113","Colestipol hydrochloride"
"D01966","Ezetimibe"
"D10557","Evolocumab"
"D10335","Alirocumab"
"D10292","Niacin and lovastatin"
"D10257","Ezetimibe and simvastatin"
"D08488","Amlodipine besilate and atorvastatin calcium"
"D11092","Pitavastatin magnesium"
"D11579","Fenofibric acid"
"D00109","Aspirin"
"D05597","Prasugrel hydrochloride"
"D00515","Nitroglycerin"
"D00516","Isosorbide dinitrate"
"D00630","Isosorbide mononitrate"
"D05700","Ranolazine"
"D00616","Diltiazem hydrochloride"
"D00483","Propranolol hydrochloride"
"D00432","Nadolol"
"D00601","Metoprolol tartrate"
"D00235","Atenolol"
"D00615","Amlodipine besylate"
"D00437","Nifedipine"
"D00619","Verapamil hydrochloride"
"D00517","Amyl nitrite"
"D06347","Yellow fever vaccine"
"D06199","Trabectedin"
"D05380","Pazopanib hydrochloride"
"D09939","Olaratumab"
"D11485","Tazemetostat hydrobromide"
"D00368","Mebendazole"
"D07085","Bendamustine hydrochloride"
"D02994","Rituximab"
"D08971","Plerixafor"
"D00979","Methylprednisolone acetate"
"D00854","Quinupristin and dalfopristin"
"D05866","Sodium oxybate"
"D02074","Amphetamine sulfate"
"D02078","Dextroamphetamine sulfate"
"D01296","Methylphenidate hydrochloride"
"D01832","Modafinil"
"D03215","Armodafinil"
"D11328","Solriamfetol hydrochloride"
"D11490","Pitolisant hydrochloride"
"D10497","Pasireotide diaspartate"
"D10566","Pasireotide pamoate"
"D11062","Osilodrostat phosphate"
"D05868","Sodium phenylbutyrate"
"D00294","Diazoxide"
"D02500","Imiquimod"
"D09393","Ingenol mebutate"
"D11691","Tirbanibulin"
"D02908","Aminolevulinic acid hydrochloride"
"D00203","Amphotericin B"
"D02060","Potassium chloride"
"D00518","Dichlorphenamide"
"D04670","Laronidase"
"D11926","Lumasiran sodium"
"D04872","Mechlorethamine hydrochloride"
"D09761","Mogamulizumab"
"D03106","Bexarotene"
"D06320","Vorinostat"
"D06637","Romidepsin"
"D03682","Denileukin diftitox"
"D09574","Aflibercept"
"D05697","Ranibizumab"
"D00122","Calcifediol"
"D03505","Cinacalcet hydrochloride"
"D01009","Doxercalciferol"
"D10677","Etelcalcetide hydrochloride"
"D00989","Leuprolide acetate"
"D06248","Triptorelin pamoate"
"D02116","Histrelin acetate"
"D01637","Betamethasone dipropionate"
"D00129","Calcitriol"
"D00233","Anthralin"
"D00139","Methoxsalen"
"D01125","Calcipotriene"
"D10198","Calcipotriol hydrate"
"D01132","Tazarotene"
"D10534","Calcipotriene and betamethasone dipropionate"
"D11932","Halobetasol and tazarotene"
"D02754","Acitretin"
"D03697","Desoximetasone"
"D04409","Halobetasol propionate"
"D01272","Clobetasol propionate"
"D09783","Tofacitinib citrate"
"D08860","Apremilast"
"D00742","Etanercept"
"D02598","Infliximab"
"D02597","Adalimumab"
"D09214","Ustekinumab"
"D09967","Secukinumab"
"D10061","Brodalumab"
"D10071","Ixekizumab"
"D10438","Guselkumab"
"D10400","Tildrakizumab"
"D11052","Risankizumab"
"D00184","Cyclosporine"
"D10223","Ibrutinib"
"D10893","Acalabrutinib"
"D11422","Zanubrutinib"
"D03150","Bortezomib"
"D04687","Lenalidomide"
"D11880","Brexucabtagene autoleucel"
"D03020","Imiglucerase"
"D09029","Velaglucerase alfa"
"D09675","Taliglucerase alfa"
"D05032","Miglustat"
"D09894","Eliglustat tartrate"
"D09314","Ofatumumab"
"D04554","Interferon beta-1a"
"D00746","Interferon beta-1b"
"D10483","Peginterferon beta-1a"
"D04318","Glatiramer acetate"
"D06886","Natalizumab"
"D04187","Fingolimod hydrochloride"
"D10172","Teriflunomide"
"D02802","Alemtuzumab"
"D05218","Ocrelizumab"
"D10967","Ozanimod hydrochloride"
"D11072","Siponimod fumarate"
"D03639","Daclizumab"
"D03846","Dimethyl fumarate"
"D00241","Baclofen"
"D04127","Dalfampridine"
"D11154","Diroximel fumarate"
"D11215","Ponesimod"
"D11492","Monomethyl fumarate"
"D00295","Cimetidine"
"D03503","Cimetidine hydrochloride"
"D00673","Ranitidine hydrochloride"
"D00318","Famotidine"
"D00440","Nizatidine"
"D00455","Omeprazole"
"D05259","Omeprazole magnesium"
"D02593","Pantoprazole sodium"
"D00355","Lansoprazole"
"D00724","Rabeprazole sodium"
"D01984","Esomeprazole magnesium"
"D04056","Esomeprazole sodium"
"D10120","Esomeprazole strontium"
"D11114","Esomeprazole magnesium dihydrate"
"D08903","Dexlansoprazole"
"D05008","Metoclopramide hydrochloride"
"D11706","Omeprazole and sodium bicarbonate"
"D00804","Ivermectin"
"D00360","Lindane"
"D00534","Malathion"
"D00077","Benzyl alcohol"
"D09384","Spinosad"
"D10687","Abametapir"
"D00947","Linezolid"
"D07486","Azithromycin"
"D02134","Azithromycin hydrate"
"D11054","Ravulizumab"
"D00490","Oxymetholone"
"D09960","Ruxolitinib phosphate"
"D11296","Fedratinib hydrochloride"
"D10024","Selumetinib sulfate"
"D11008","Voretigene neparvovec"
"D00405","Methyldopa"
"D00604","Clonidine hydrochloride"
"D00606","Guanfacine hydrochloride"
"D00611","Mecamylamine hydrochloride"
"D00609","Prazosin hydrochloride"
"D00608","Doxazosin mesylate"
"D01302","Hydralazine hydrochloride"
"D00418","Minoxidil"
"D10267","Methyldopa and hydrochlorothiazide"
"D10591","Clonidine and chlorthalidone"
"D00340","Hydrochlorothiazide"
"D00519","Chlorothiazide"
"D00656","Methyclothiazide"
"D00345","Indapamide"
"D00331","Furosemide"
"D00382","Torsemide"
"D01115","Eplerenone"
"D10269","Hydrochlorothiazide and triamterene"
"D10271","Amiloride hydrochloride and hydrochlorothiazide"
"D00507","Phenoxybenzamine hydrochloride"
"D00513","Pindolol"
"D00635","Metoprolol succinate"
"D00597","Acebutolol hydrochloride"
"D00598","Betaxolol hydrochloride"
"D00634","Bisoprolol fumarate"
"D00644","Esmolol hydrochloride"
"D06622","Nebivolol hydrochloride"
"D00600","Labetalol hydrochloride"
"D00255","Carvedilol"
"D03415","Carvedilol phosphate"
"D10274","Propranolol hydrochloride and hydrochlorothiazide"
"D10272","Nadolol and bendroflumethiazide"
"D10273","Metoprolol and hydrochlorothiazide"
"D10275","Bisoprolol fumarate and hydrochlorothiazide"
"D10592","Atenolol and chlorthalidone"
"D11881","Amlodipine benzoate"
"D00319","Felodipine"
"D00349","Isradipine"
"D00617","Nicardipine hydrochloride"
"D00618","Nisoldipine"
"D08892","Clevidipine"
"D11705","Amlodipine and celecoxib"
"D00251","Captopril"
"D00621","Enalapril maleate"
"D00362","Lisinopril"
"D00624","Perindopril erbumine"
"D00421","Ramipril"
"D00459","Quinapril hydrochloride"
"D00620","Benazepril hydrochloride"
"D00622","Fosinopril sodium"
"D00383","Trandolapril"
"D00623","Moexipril hydrochloride"
"D10276","Captopril and hydrochlorothiazide"
"D10277","Enalapril maleate and hydrochlorothiazide"
"D10268","Hydrochlorothiazide and lisinopril"
"D10278","Quinapril hydrochloride and hydrochlorothiazide"
"D10279","Benazepril hydrochloride and hydrochlorothiazide"
"D10280","Fosinopril and hydrochlorothiazide"
"D10281","Moexipril hydrochloride and hydrochlorothiazide"
"D11581","Perindopril and amlodipine"
"D10282","Trandolapril and verapamil hydrochloride"
"D00357","Losartan potassium"
"D02082","Eprosartan mesylate"
"D00400","Valsartan"
"D00523","Irbesartan"
"D00626","Candesartan cilexetil"
"D00627","Telmisartan"
"D01204","Olmesartan medoxomil"
"D08067","Azilsartan medoxomil"
"D08865","Azilsartan kamedoxomil"
"D07895","Losartan potassium and hydrochlorothiazide"
"D10283","Eprosartan mesylate and hydrochlorothiazide"
"D09197","Valsartan and hydrochlorothiazide"
"D10249","Irbesartan and hydrochlorothiazide"
"D09196","Candesartan cilexetil and hydrochlorothiazide"
"D09219","Telmisartan and hydrochlorothiazide"
"D10284","Olmesartan medoxomil and hydrochlorothiazide"
"D10589","Azilsartan medoxomil and chlorthalidone"
"D09745","Valsartan and amlodipine besilate"
"D10285","Amlodipine besylate and olmesartan medoxomil"
"D09743","Telmisartan and amlodipine besilate"
"D10286","Amlodipine, valsartan and hydrochlorothiazide"
"D10288","Olmesartan medoxomil, amlodipine besylate and hydrochlorothiazide"
"D11388","Nebivolol and valsartan"
"D06412","Aliskiren fumarate"
"D10289","Aliskiren hemifumarate and hydrochlorothiazide"
"D03769","Enalaprilat"
"D04997","Methyldopate hydrochloride"
"D11069","Amlodipine and benazepril"
"D11585","Terazosin hydrochloride anhydrous"
"D11723","Levamlodipine maleate"
"D05589","Pralatrexate"
"D08870","Belinostat"
"D00350","Itraconazole"
"D00419","Misoprostol"
"D00446","Sucralfate"
"D00481","Propantheline bromide"
"D00719","Hyoscyamine sulfate"
"D10247","Chlordiazepoxide hydrochloride and clidinium bromide"
"D11575","Ibuprofen and famotidine"
"D11576","Naproxen and esomeprazole magnesium"
"D00715","Methscopolamine bromide"
"D11138","Larotrectinib sulfate"
"D10926","Entrectinib"
"D10476","Lusutrombopag"
"D10307","Avatrombopag maleate"
"D07445","Amfetamine"
"D02242","Methamphetamine hydrochloride"
"D04999","Methylphenidate"
"D02574","Atomoxetine hydrochloride"
"D03721","Dexmethylphenidate hydrochloride"
"D04747","Lisdexamfetamine dimesylate"
"D11624","Amphetamine aspartate, amphetamine sulfate, dextroamphetamine saccharate and dextroamphetamine sulfate"
"D11989","Serdexmethylphenidate and dexmethylphenidate"
"D00871","Sulfacetamide sodium"
"D00501","Pentoxifylline"
"D02121","Ceftibuten hydrate"
"D11571","Cefdinir monohydrate"
"D01628","Cefditoren pivoxil"
"D00276","Clarithromycin"
"D00140","Erythromycin"
"D01361","Erythromycin ethylsuccinate"
"D02184","Erythromycin stearate"
"D02157","Penicillin G benzathine"
"D00901","Rimantadine hydrochloride"
"D00902","Zanamivir"
"D00900","Oseltamivir phosphate"
"D03829","Peramivir"
"D11021","Baloxavir marboxil"
"D00777","Amantadine hydrochloride"
"D00134","Albendazole"
"D00693","Chlordiazepoxide hydrochloride"
"D00131","Disulfiram"
"D02780","Acamprosate calcium"
"D05113","Naltrexone"
"D02095","Naltrexone hydrochloride"
"D00222","Acyclovir"
"D02764","Acyclovir sodium"
"D05407","Penciclovir"
"D00333","Ganciclovir"
"D00317","Famciclovir"
"D00398","Valacyclovir hydrochloride"
"D00579","Foscarnet sodium"
"D00391","Trifluridine"
"D11627","Acyclovir and hydrochortisone"
"D01748","Isoxsuprine hydrochloride"
"D01426","Tinidazole"
"D02486","Nitazoxanide"
"D01108","Magnesium sulfate"
"D00141","Indomethacin"
"D00118","Naproxen"
"D00970","Naproxen sodium"
"D00567","Celecoxib"
"D03441","Certolizumab pegol"
"D04358","Golimumab"
"D00169","Meclofenamate sodium"
"D05349","Pancrelipase"
"D09669","Siltuximab"
"D00780","Bromocriptine mesylate"
"D05394","Pegvisomant"
"D06495","Octreotide acetate"
"D04666","Lanreotide acetate"
"D00562","Propylthiouracil"
"D00401","Methimazole"
"D00701","Phenobarbital sodium"
"D02259","Sodium iodide I 131"
"D09394","Fidaxomicin"
"D10453","Bezlotoxumab"
"D03684","Denosumab"
"D03231","Epoetin alfa"
"D03651","Darbepoetin alfa"
"D09998","Epoetin beta pegol"
"D11004","Vestronidase alfa"
"D10643","Isavuconazonium sulfate"
"D07364","Triclabendazole"
"D00416","Miconazole"
"D00882","Miconazole nitrate"
"D00282","Clotrimazole"
"D00202","Nystatin"
"D00322","Fluconazole"
"D00323","Flucytosine"
"D00880","Butoconazole nitrate"
"D00888","Terconazole"
"D02555","Posaconazole"
"D02501","Caspofungin acetate"
"D02465","Micafungin sodium"
"D03211","Anidulafungin"
"D11601","Tafasitamab"
"D10761","Polatuzumab vedotin"
"D11990","Lisocabtagene maraleucel"
"D00106","Epoprostenol"
"D01337","Epoprostenol sodium"
"D02721","Iloprost"
"D06213","Treprostinil"
"D10430","Treprostinil diolamine"
"D09994","Selexipag"
"D01227","Bosentan"
"D07077","Ambrisentan"
"D10135","Macitentan"
"D09572","Riociguat"
"D08514","Sildenafil"
"D02229","Sildenafil citrate"
"D02008","Tadalafil"
"D00074","Nitric oxide"
"D00471","Praziquantel"
"D09680","Teprotumumab"
"D11077","Pegvaliase"
"D01798","Sapropterin dihydrochloride"
"D02272","Quinidine sulfate"
"D00638","Flecainide acetate"
"D02531","Bacitracin zinc, neomycin sulfate and polymixin B sulfate"
"D11097","Polymyxin B sulfate and bacitracin zinc"
"D00990","Nafarelin acetate"
"D00448","Sulfasalazine"
"D03203","Abatacept"
"D02596","Tocilizumab"
"D00463","Oxaprozin"
"D04148","Fenfluramine hydrochloride"
"D05928","Stiripentol"
"D02195","Mupirocin calcium"
"D01430","Tiopronin"
"D06272","Sorafenib tosylate"
"D10137","Regorafenib hydrate"
"D10095","Cabozantinib s-malate"
"D09920","Lenvatinib mesylate"
"D09371","Ramucirumab"
"D00107","Tacrolimus"
"D00752","Mycophenolate mofetil"
"D05095","Mycophenolate sodium"
"D00753","Sirolimus"
"D03222","Belatacept"
"D03058","Basiliximab"
"D00238","Azathioprine"
"D06087","Testosterone undecanoate"
"D10469","Simeprevir sodium"
"D10105","Daclatasvir dihydrochloride"
"D10366","Sofosbuvir"
"D10578","Ledipasvir and sofosbuvir"
"D10582","Dasabuvir, ombitasvir, paritaprevir and ritonavir"
"D10745","Ombitasvir, paritaprevir and ritonavir"
"D10778","Elbasvir and grazoprevir"
"D10827","Sofosbuvir and velpatasvir"
"D10900","Sofosbuvir, velpatasvir and voxilaprevir"
"D11014","Glecaprevir and pibrentasvir"
"D02747","Peginterferon alfa-2a"
"D11878","Bulevirtide acetate"
"D00224","Allopurinol"
"D01206","Febuxostat"
"D11175","Lesinurad and allopurinol"
"D00475","Probenecid"
"D09921","Lesinurad"
"D00570","Colchicine"
"D09316","Pegloticase"
"D11574","Probenecid and colchicine"
"D09673","Tafamidis"
"D09674","Tafamidis meglumine"
"D10794","Patisiran sodium"
"D10941","Inotersen sodium"
"D00246","Budesonide"
"D00689","Beclomethasone dipropionate"
"D00690","Mometasone furoate"
"D01708","Fluticasone propionate"
"D06315","Fluticasone furoate"
"D10354","Dupilumab"
"D00324","Flunisolide"
"D01703","Ciclesonide"
"D10295","Mometasone furoate and formoterol fumarate"
"D00371","Theophylline"
"D00411","Zafirlukast"
"D00529","Montelukast sodium"
"D05251","Omalizumab"
"D08985","Reslizumab"
"D04923","Mepolizumab"
"D09874","Benralizumab"
"D00414","Zileuton"
"D03671","Deflazacort"
"D09900","Eteplirsen"
"D11707","Golodirsen"
"D11528","Viltolarsen"
"D11988","Casimersen"
"D11417","Pemigatinib"
"D02815","Alitretinoin"
"D06503","Pemetrexed sodium hydrate"
"D00063","Tobramycin"
"D03896","Dornase alfa"
"D09916","Ivacaftor"
"D10685","Lumacaftor and ivacaftor"
"D11042","Tezacaftor and ivacaftor"
"D11700","Elexacaftor, ivacaftor and tezacaftor"
"D05870","Sodium phosphate P 32"
"D06407","Vandetanib"
"D11713","Selpercatinib"
"D01413","Estradiol valerate"
"D10452","Cabazitaxel acetonate"
"D02398","Estramustine phosphate sodium"
"D06397","Estramustine phosphate sodium hydrate"
"D00586","Flutamide"
"D00965","Nilutamide"
"D00961","Bicalutamide"
"D10218","Enzalutamide"
"D11040","Apalutamide"
"D11045","Darolutamide"
"D09400","Degarelix acetate"
"D09701","Abiraterone acetate"
"D06644","Sipuleucel-T"
"D10398","Radium Ra 223 dichloride"
"D10888","Relugolix"
"D02094","Thiamine hydrochloride"
"D00015","Glutamine"
"D11480","Crizanlizumab"
"D11330","Voxelotor"
"D03327","Porfimer sodium"
"D00343","Ifosfamide"
"D00125","Etoposide"
"D04107","Etoposide phosphate"
"D00275","Cisplatin"
"D05578","Potassium citrate"
"D00985","Triamcinolone hexacetonide"
"D02114","Hydroxychloroquine sulfate"
"D08083","Vedolizumab"
"D02200","Pilocarpine hydrochloride"
"D00661","Cevimeline hydrochloride"
"D00769","Clopidogrel bisulfate"
"D09017","Ticagrelor"
"D03361","Cangrelor tetrasodium"
"D09766","Vorapaxar sulfate"
"D05721","Reteplase"
"D05206","Norepinephrine bitartrate"
"D00633","Dopamine hydrochloride"
"D10127","Glycerol phenylbutyrate"
"D10205","Sodium phenylacetate and sodium benzoate"
"D10468","Cysteamine bitartrate"
"D03635","Cysteamine hydrochloride"
"D00105","Estradiol"
"D01203","Sodium bicarbonate"
"D00353","Lamivudine"
"D01982","Tenofovir disoproxil fumarate"
"D01655","Adefovir dipivoxil"
"D04008","Entecavir"
"D06675","Telbivudine"
"D10605","Tenofovir alafenamide fumarate"
"D04431","Hepatitis B immune globulin"
"D00592","Dapsone"
"D02697","Valrubicin"
"D00208","Mitomycin"
"D10927","Erdafitinib"
"D10817","Avelumab"
"D11525","Enfortumab vedotin"
"D06408","Zinc acetate"
"D00736","Trientine hydrochloride"
"D00496","Penicillamine"
"D11780","Fosdenopterin hydrobromide"
"D00487","Pyridostigmine bromide"
"D00994","Edrophonium chloride"
"D01162","Verteporfin"
"D05386","Pegaptanib sodium"
"D11083","Brolucizumab"
"D00943","Sodium fluoride"
"D05919","Stannous fluoride"
"D08736","Sodium fluoride and phosphoric acid"
"D10579","Conjugated estrogens and bazedoxifene acetate"
"D09187","Estradiol and levonorgestrel"
"D02217","Raloxifene hydrochloride"
"D06078","Teriparatide"
"D10885","Abaloparatide"
"D04486","Ibandronate sodium"
"D10841","Alendronic acid and colecalciferol"
"D10156","Romosozumab"
"D11701","Luspatercept"
"D05428","Pentosan polysulfate sodium"
"D01043","Dimethyl sulfoxide"
"D10003","Hemin"
"D10808","Durvalumab"
"D11644","Lurbinectedin"
"D11987","Trilaciclib dihydrochloride"
"D01935","Vinorelbine tartrate"
"D01977","Gefitinib"
"D04023","Erlotinib hydrochloride"
"D09733","Afatinib dimaleate"
"D10766","Osimertinib mesylate"
"D10514","Dacomitinib"
"D09731","Crizotinib"
"D10551","Ceritinib"
"D10450","Alectinib hydrochloride"
"D10866","Brigatinib"
"D11012","Lorlatinib"
"D10891","Capmatinib hydrochloride"
"D11073","Tepotinib hydrochloride"
"D10018","Necitumumab"
"D11712","Pralsetinib"
"D01028","Ticlopidine hydrochloride"
"D03978","Eltrombopag olamine"
"D01136","Tranexamic acid"
"D08797","Freeze-dried human blood-coagulation factor IX"
"D10821","Emicizumab"
"D02235","Desmopressin acetate"
"D02958","Antihemophilic factor"
"D00220","Acetohydroxamic acid"
"D00924","Ceftriaxone sodium"
"D01157","Cefepime hydrochloride"
"D00240","Aztreonam"
"D11621","Imipenem, cilastatin and relebactam"
"D00145","Trimethoprim"
"D11085","Trimethoprim hydrochloride"
"D00588","Levofloxacin"
"D00439","Nitrofurantoin"
"D04768","Lonafarnib"
"D01277","Droxidopa"
"D02004","Apomorphine hydrochloride"
"D00059","Levodopa"
"D00253","Carbidopa hydrate and levodopa"
"D10293","Carbidopa, levodopa and entacapone"
"D00784","Ropinirole hydrochloride"
"D00559","Pramipexole dihydrochloride"
"D05768","Rotigotine"
"D00785","Selegiline hydrochloride"
"D02562","Rasagiline mesylate"
"D10191","Safinamide mesylate"
"D00786","Tolcapone"
"D00781","Entacapone"
"D10825","Opicapone"
"D04641","Istradefylline"
"D08969","Pimavanserin tartrate"
"D00558","Carbidopa"
"D00987","Cabergoline"
"D08858","Antithrombin alfa"
"D06271","Vaccinia immune globulin"
"D00136","Haloperidol"
"D08035","Haloperidol lactate"
"D00560","Pimozide"
"D00749","Leflunomide"
"D10308","Baricitinib"
"D11048","Upadacitinib hydrate"
"D02934","Anakinra"
"D10161","Sarilumab"
"D11091","Diclofenac sodium and misoprostol"
"D00127","Piroxicam"
"D00968","Fenoprofen calcium"
"D00330","Flurbiprofen"
"D00237","Auranofin"
"D00428","Salsalate"
"D01808","Lobenzarit sodium"
"D02691","Somatropin"
"D11194","Somapacitan"
"D08575","Tetrabenazine"
"D10701","Deutetrabenazine"
"D10559","Dinutuximab"
"D06482","Thyroid"
"D08776","Pneumococcus vaccine"
"D10455","Pneumococcal 13-valent conjugate vaccine"
"D06109","Thioguanine"
"D01747","Idarubicin hydrochloride"
"D10800","Gilteritinib fumarate"
"D03259","Gemtuzumab ozogamicin"
"D11107","Glasdegib maleate"
"D02106","Arsenic trioxide"
"D10679","Venetoclax"
"D11044","Enasidenib mesylate"
"D11090","Ivosidenib"
"D11390","Daunorubicin and cytarabine"
"D05803","Sargramostim"
"D00248","Busulfan"
"D06413","Nilotinib hydrochloride hydrate"
"D09728","Bosutinib hydrate"
"D08956","Omacetaxine mepesuccinate"
"D00075","Testosterone"
"D00957","Testosterone cypionate"
"D00775","Riluzole"
"D01552","Edaravone"
"D00409","Metronidazole"
"D07353","Secnidazole"
"D11472","Remdesivir"
"D00670","Donepezil hydrochloride"
"D03822","Rivastigmine"
"D02558","Rivastigmine tartrate"
"D02173","Galantamine hydrobromide"
"D04905","Memantine hydrochloride"
"D11387","Memantine and donepezil"
"D00488","Pyrimethamine"
"D00186","Ciprofloxacin"
"D00874","Moxifloxacin hydrochloride"
"D05384","Pegademase bovine"
"D11017","Elapegademase"
"D01907","Fludarabine phosphate"
"D10560","Idelalisib"
"D10555","Duvelisib"
"D09321","Obinutuzumab"
"D04489","Ibritumomab tiuxetan"
"D11393","Rituximab and hyaluronidase"
"D00209","Griseofulvin"
"D00881","Econazole nitrate"
"D00886","Sulconazole nitrate"
"D00885","Oxiconazole nitrate"
"D01980","Luliconazole"
"D10021","Efinaconazole"
"D10300","Clotrimazole and betamethasone"
"D03488","Ciclopirox"
"D01364","Ciclopirox olamine"
"D02219","Terbinafine hydrochloride"
"D10169","Tavaborole"
"D05134","Nelarabine"
"D09974","Telotristat ethyl"
"D00709","Levetiracetam"
"D00420","Mitotane"
"D11334","Afamelanotide acetate"
"D02085","Milrinone lactate"
"D00614","Sodium nitroprusside"
"D03297","Mecasermin"
"D02716","Pregabalin"
"D01179","Duloxetine hydrochloride"
"D10396","Nintedanib esylate"
"D01583","Pirfenidone"
"D00669","Diphenhydramine hydrochloride"
"D00814","Doxepin hydrochloride"
"D01310","Secobarbital sodium"
"D00311","Estazolam"
"D00387","Triazolam"
"D00370","Temazepam"
"D00457","Quazepam"
"D00706","Zolpidem tartrate"
"D00530","Zaleplon"
"D02624","Eszopiclone"
"D02689","Ramelteon"
"D10082","Suvorexant"
"D11022","Lemborexant"
"D00162","Aminosalicylic acid"
"D00877","Cycloserine"
"D00211","Rifampin"
"D00879","Rifapentine"
"D00135","Capreomycin sulfate"
"D00346","Isoniazid"
"D11578","Rifampin and isoniazid"
"D00591","Ethionamide"
"D00144","Pyrazinamide"
"D00878","Ethambutol hydrochloride"
"D10210","Rifampin, isoniazid and pyrazinamide"
"D03063","BCG vaccine"
"D06466","Freeze-dried BCG vaccine (for percutaneous use)"
"D00787","Trihexyphenidyl hydrochloride"
"D02246","Biperiden hydrochloride"
"D02247","Biperiden lactate"
"D01118","Profenamine hydrochloride"
"D00778","Benztropine mesylate"
"D07523","Betaine"
"D00252","Carbamazepine"
"D10377","Sebelipase alfa"
"D00304","Divalproex sodium"
"D00354","Lamotrigine"
"D01939","Ziprasidone hydrochloride"
"D04820","Lurasidone hydrochloride"
"D02340","Loxapine"
"D00454","Olanzapine"
"D00458","Quetiapine fumarate"
"D02995","Asenapine maleate"
"D00801","Lithium carbonate"
"D00426","Risperidone"
"D01164","Aripiprazole"
"D10516","Aripiprazole hydrate"
"D09876","Cariprazine hydrochloride"
"D00823","Fluoxetine hydrochloride"
"D10206","Olanzapine and fluoxetine hydrochloride"
"D10333","Elosulfase alfa"
"D03065","Becaplermin"
"D10199","Tapentadol hydrochloride"
"D00165","Hydrocortisone acetate"
"D00377","Mesalamine"
"D00727","Olsalazine sodium"
"D02715","Balsalazide disodium"
"D10246","Omeprazole, clarithromycin and amoxicillin"
"D08774","Amoxicillin hydrate, clarithromycin and lansoprazole"
"D10245","Bismuth subcitrate, tetracycline and metronidazole"
"D11858","Omeprazole magnesium, amoxicillin and rifabutin"
"D00293","Diazepam"
"D00694","Clorazepate dipotassium"
"D00225","Alprazolam"
"D00702","Buspirone hydrochloride"
"D05374","Paroxetine hydrochloride"
"D05375","Paroxetine mesylate"
"D02567","Escitalopram oxalate"
"D00821","Venlafaxine hydrochloride"
"D10294","Perphenazine and amitriptyline hydrochloride"
"D00811","Clomipramine hydrochloride"
"D00825","Sertraline hydrochloride"
"D00824","Fluvoxamine maleate"
"D11895","Niraparib tosilate hydrate"
"D05782","Sacrosidase"
"D10813","Cerliponase alfa"
"D10193","Live attenuated human rota virus vaccine, oral"
"D10211","Rotavirus vaccine, live, oral, pentavalent"
"D00951","Medroxyprogesterone acetate"
"D09336","Elagolix sodium"
"D03925","Freeze-dried diphtheria antitoxin, equine"
"D01915","Rosuvastatin calcium"
"D01892","Icosapent ethyl"
"D05255","Omega-3-acid ethyl esters"
"D00783","Botulinum toxin type A"
"D02735","Rimabotulinumtoxin B"
"D08957","Onabotulinumtoxin A"
"D10012","Incobotulinumtoxin A"
"D05364","Parathyroid hormone (human)"
"D11557","Tecovirimat monohydrate"
"D06606","Ibuprofen lysine"
"D06053","Teduglutide"
"D05725","Riboflavin 5'-phosphate sodium"
"D00280","Clonazepam"
"D02260","Paroxetine hydrochloride hemihydrate"
"D07130","Carglumic acid"
"D05706","Raxibacumab"
"D10776","Obiltoxaximab"
"D00734","Ursodiol"
"D09360","Obeticholic acid"
"D02784","Agalsidase alfa"
"D03228","Agalsidase beta"
"D05031","Migalastat hydrochloride"
"D00930","Paricalcitol"
"D01619","Hydrocortisone butyrate"
"D05815","Selenium sulfide"
"D00535","Vigabatrin"
"D03235","Filgrastim"
"D06889","Pegfilgrastim"
"D00163","Chenodiol"
"D00094","Tretinoin"
"D01112","Adapalene"
"D11225","Trifarotene"
"D11084","Clindamycin phosphate and tretinoin"
"D10792","Adapalene and benzoyl peroxide"
"D03093","Benzoyl peroxide"
"D10602","Clindamycin phosphate and benzoyl peroxide"
"D11646","Benzoyl peroxide and erythromycin"
"D01073","Clindamycin phosphate"
"D10590","Norgestimate and ethinyl estradiol"
"D10667","Sarecycline hydrochloride"
"D11451","Clascoterone"
"D10374","Lifitegrast"
"D04478","Hydroxypropyl cellulose"
"D00754","Thalidomide"
"D06565","Galsulfase"
"D03731","Selegiline"
"D10309","Brexpiprazole"
"D00812","Desipramine hydrochloride"
"D00815","Imipramine hydrochloride"
"D08071","Imipramine pamoate"
"D02408","Trimipramine maleate"
"D00809","Amitriptyline hydrochloride"
"D00816","Nortriptyline hydrochloride"
"D00484","Protriptyline hydrochloride"
"D00228","Amoxapine"
"D00818","Maprotiline hydrochloride"
"D00822","Citalopram hydrobromide"
"D02580","Isocarboxazid"
"D00826","Tranylcypromine sulfate"
"D00820","Trazodone hydrochloride"
"D00819","Nefazodone hydrochloride"
"D00563","Mirtazapine"
"D00817","Bupropion hydrochloride"
"D07938","Bupropion hydrobromide"
"D07793","Desvenlafaxine"
"D02570","Desvenlafaxine succinate"
"D09699","Vilazodone hydrochloride"
"D10185","Vortioxetine hydrobromide"
"D10133","Levomilnacipran hydrochloride"
"D11619","Desvenlafaxine succinate anhydrous"
"D11120","Emapalumab"
"D05775","Rufinamide"
"D00537","Topiramate"
"D01253","Clobazam"
"D00148","Phytonadione"
"D05529","Podofilox"
"D08997","Sinecatechins"
"D04301","Ganciclovir sodium"
"D00273","Cidofovir"
"D03256","Valganciclovir hydrochloride"
"D10801","Letermovir"
"D00717","Dicyclomine hydrochloride"
"D02829","Alosetron hydrochloride"
"D04790","Lubiprostone"
"D09355","Linaclotide"
"D09948","Plecanatide"
"D11653","Tenapanor hydrochloride"
"D10403","Eluxadoline"
"D05084","Moxidectin"
"D05177","Nitisinone"
"D09985","Uridine triacetate"
"D02125","Chloroquine phosphate"
"D02126","Primaquine phosphate"
"D10670","Tafenoquine succinate"
"D02472","Atovaquone and proguanil hydrochloride"
"D02262","Quinine sulfate"
"D00831","Mefloquine hydrochloride"
"D02482","Artesunate"
"D02484","Artemether and lumefantrine"
"D02494","Miltefosine"
"D10843","Alipogene tiparvovec"
"D06284","Varicella-zoster immune globulin"
"D00332","Gabapentin"
"D09539","Gabapentin enacarbil"
"D08990","Romiplostim"
"D09348","Fostamatinib disodium"
"D05723","Rho(D) immune globulin"
"D05014","Metreleptin"
"D03021","Azacitidine"
"D03665","Decitabine"
"D11848","Decitabine and cedazuridine"
"D11967","Daratumumab and hyaluronidase"
"D09873","Bedaquiline fumarate"
"D10722","Pretomanid"
"D01063","Gentamicin sulfate"
"D02119","Ampicillin sodium"
"D00905","Cefazolin sodium"
"D00344","Imipenem and cilastatin sodium"
"D01080","Daptomycin"
"D00793","Fluphenazine decanoate"
"D00503","Perphenazine"
"D00479","Prochlorperazine maleate"
"D00799","Trifluoperazine hydrochloride"
"D00798","Thioridazine hydrochloride"
"D01898","Haloperidol decanoate"
"D00796","Molindone hydrochloride"
"D02100","Ziprasidone mesylate"
"D00374","Thiothixene"
"D00794","Loxapine succinate"
"D00283","Clozapine"
"D06623","Olanzapine pamoate"
"D11769","Asenapine"
"D10364","Aripiprazole lauroxil"
"D05339","Paliperidone"
"D05340","Paliperidone palmitate"
"D11170","Lumateperone tosylate"
"D00833","Nifurtimox"
"D08946","Mipomersen sodium"
"D09638","Lomitapide mesylate"
"D10691","Bempedoic acid"
"D11794","Bempedoic acid and ezetimibe"
"D11753","Evinacumab"
"D00868","Paromomycin sulfate"
"D10798","Copanlisib hydrochloride hydrate"
"D11323","Umbralisib tosylate"
"D02920","Ammonium lactate"
"D00986","Fludrocortisone acetate"
"D01093","Butenafine hydrochloride"
"D04197","Floxuridine"
"D10526","Trifluridine and tipiracil hydrochloride"
"D01061","Irinotecan hydrochloride"
"D01790","Oxaliplatin"
"D05350","Panitumumab"
"D10228","Amifampridine"
"D10689","Amifampridine phosphate"
"D11626","Guanidine hydrochloride"
"D06402","Sunitinib malate"
"D11279","Avapritinib"
"D11353","Ripretinib"
"D00369","Melphalan"
"D01363","Carboplatin"
"D10982","Rucaparib camsylate"
"D02841","Altretamine"
"D03696","Desonide"
"D05480","Pimecrolimus"
"D10873","Crisaborole"
"D00672","Hydroxyzine hydrochloride"
"D01096","Hydroxyzine pamoate"
"D00480","Promethazine hydrochloride"
"D00666","Clemastine fumarate"
"D06390","Azithromycin"
"D00659","Azelastine hydrochloride"
"D01192","Olopatadine hydrochloride"
"D10252","Fexofenadine hydrochloride and pseudoephedrine hydrochloride"
"D10850","Desloratadine and pseudoephedrine sulfate"
"D01336","Carbinoxamine maleate"
"D00668","Dexchlorpheniramine maleate"
"D08118","Levocetirizine dihydrochloride"
"D02234","Cyproheptadine hydrochloride"
"D00671","Fexofenadine hydrochloride"
"D03693","Desloratadine"
"D11572","Beclomethasone dipropionate monohydrate"
"D11656","Azelastine hydrochloride and fluticasone propionate"
"D03068","Belimumab"
"D09033","Voclosporin"
"D10913","Burosumab"
"D06067","Temozolomide"
"D05932","Streptozocin"
"D11033","Lutetium (177Lu) oxodotreotide"
"D11875","Ansuvimab"
"D11922","Atoltivimab, maftivimab and odesivimab"
"D10595","Asfotase alfa"
"D06068","Temsirolimus"
"D03218","Axitinib"
"D01160","Saquinavir mesylate"
"D00897","Indinavir sulfate"
"D00427","Ritonavir"
"D00899","Nelfinavir mesylate"
"D03835","Fosamprenavir calcium"
"D01276","Atazanavir sulfate"
"D08605","Tipranavir"
"D06478","Darunavir ethanolate"
"D00413","Zidovudine"
"D00296","Didanosine"
"D00445","Stavudine"
"D00891","Abacavir sulfate"
"D01199","Emtricitabine"
"D00435","Nevirapine"
"D00895","Delavirdine mesylate"
"D00896","Efavirenz"
"D04112","Etravirine"
"D09958","Rilpivirine hydrochloride"
"D10624","Doravirine"
"D07133","Raltegravir potassium"
"D06677","Elvitegravir"
"D10113","Dolutegravir sodium"
"D07507","Zidovudine and lamivudine"
"D08775","Abacavir sulfate and lamivudine"
"D02297","Emtricitabine and tenofovir disoproxil"
"D10838","Abacavir, lamivudine and zidovudine"
"D11521","Lamivudine, nevirapine and zidovudine"
"D10851","Efavirenz, emtricitabine and tenofovir disoproxil"
"D10571","Rilpivirine hydrochloride, tenofovir disoproxil fumarate and emtricitabine"
"D10756","Elvitegravir, cobicistat, emtricitabine and tenofovir disoproxil"
"D02498","Lopinavir and ritonavir"
"D11392","Efavirenz, lamivudine and tenofovir disoproxil fumarate"
"D11395","Lamivudine and tenofovir disoproxil"
"D10600","Dolutegravir, abacavir and lamivudine"
"D10832","Darunavir and cobicistat"
"D10753","Atazanavir and cobicistat"
"D10835","Emtricitabine and tenofovir alafenamide"
"D10755","Elvitegravir, cobicistat, emtricitabine and tenofovir alafenamide"
"D10836","Emtricitabine, rilpivirine and tenofovir alafenamide"
"D11039","Bictegravir, emtricitabine and tenofovir alafenamide"
"D11282","Dolutegravir sodium and rilpivirine hydrochloride"
"D11382","Darunavir, cobicistat, emtricitabine and tenofovir alafenamide"
"D11396","Doravirine, lamivudine and tenofovir disoproxil"
"D11522","Dolutegravir and lamivudine"
"D02499","Enfuvirtide"
"D06670","Maraviroc"
"D09575","Ibalizumab"
"D10708","Fostemsavir tromethamine"
"D09881","Cobicistat"
"D11966","Cabotegravir and rilpivirine"
"D11160","Caplacizumab"
"D08173","Melphalan hydrochloride"
"D09337","Elotuzumab"
"D10777","Daratumumab"
"D11050","Isatuximab"
"D11595","Belantamab mafodotin"
"D08880","Carfilzomib"
"D10131","Ixazomib citrate"
"D10019","Panobinostat lactate"
"D11222","Selinexor"
"D08976","Pomalidomide"
"D11870","Melphalan flufenamide hydrochloride"
"D10299","Nystatin and triamcinolone acetonide"
"D02554","Rifaximin"
"D06635","Rilonacept"
"D00378","Timolol"
"D00603","Timolol maleate"
"D00599","Carteolol hydrochloride"
"D02076","Brimonidine tartrate"
"D02193","Echothiophate iodide"
"D00218","Acetazolamide"
"D01196","Acetazolamide sodium"
"D00653","Dorzolamide hydrochloride"
"D00652","Brinzolamide"
"D00655","Methazolamide"
"D10854","Brinzolamide and brimonidine tartrate"
"D01025","Levobunolol hydrochloride"
"D02374","Metipranolol"
"D08493","Dorzolamide hydrochloride and timolol maleate"
"D10298","Brimonidine tartrate and timolol maleate"
"D00356","Latanoprost"
"D01452","Isopropyl unoprostone"
"D02724","Bimatoprost"
"D01964","Travoprost"
"D06274","Tafluprost"
"D10441","Latanoprostene bunod"
"D11558","Netarsudil and latanoprost"
"D11031","Netarsudil mesylate"
"D11416","Naxitamab"
"D00095","Epinephrine"
"D08011","Gatifloxacin"
"D00589","Gatifloxacin"
"D08872","Besifloxacin hydrochloride"
"D11086","Polymyxin B and trimethoprim"
"D11618","Moxifloxacin hydrochloride monohydrate"
